nome,email,telefone
"Melina Lima",hcamargo@example.org,559439546599
"Antonella Gonçalves",jdas-neves@example.org,5526958027961
"André Alves",carvalhopedro-henrique@example.com,557559217677
"Valentim Leão",luizacostela@example.com,558770686169
"Bento Martins",salesvalentina@example.net,557136399980
"Kevin Pereira",agathamonteiro@example.com,555600183011
"Dra. Eloah Freitas",martinsluana@example.org,554000201650
"Juan Moreira",emarques@example.com,556724037956
"Cauê Freitas",eduardada-conceicao@example.net,5512998566489
"Ana Beatriz Moreira",saramonteiro@example.com,558532432855
"Jade Mendes",silvadiogo@example.org,5521951404876
"Otto Araújo",ramosnathan@example.org,558324017569
"Lucas Silva",isabel24@example.org,558489003090
"Eloah Ramos",azevedomelina@example.net,553387389365
"Matheus Carvalho",raelsales@example.net,558470272485
"Theodoro Costela",osilva@example.net,553132832815
"Heloisa Cassiano",arthur-miguelcassiano@example.org,553839247096
"Maria Julia Cunha",mathiascasa-grande@example.org,553878802577
"Srta. Helena Cunha",rezendepedro-lucas@example.org,554369971507
"Maria Isis Macedo",agatha04@example.com,556646465777
"Ana Liz Dias",pvargas@example.com,558811448781
"Alexia Mendonça",esther86@example.net,559523871326
"Lívia Moraes",jvasconcelos@example.com,554012431223
"Ana Cecília da Cunha",vitor-hugo97@example.net,556051196001
"Joaquim Mendonça",sampaioamanda@example.org,5524965607668
"Henrique Viana",thiagofreitas@example.net,557267414400
"Anna Liz Jesus",borgesvinicius@example.net,553239795248
"Vitor Barros",mathias21@example.net,559060094982
"Sr. Davi Luiz Borges",laradas-neves@example.net,5526941824964
"Bruna Costa",qabreu@example.net,553058731302
"Sra. Maria Alice Pimenta",anasilva@example.com,553352507874
"Enzo Farias",npereira@example.org,556876135208
"Catarina Cirino",aparecidalorena@example.net,5523932141212
"Sr. Leandro Lopes",pedro80@example.net,559003868189
"Gabriela Vargas",tsouza@example.net,555859327537
"Paulo da Costa",xaraujo@example.org,5522998185809
"Pedro Castro",icastro@example.org,556189894468
"Davi Lucas Lima",rafael68@example.org,559323957511
"Eloah Nogueira",santosaurora@example.org,5518961885470
"Arthur Gabriel Costela",cavalcantiisabela@example.org,559681292791
"Otávio Martins",wsantos@example.net,554843397659
"Otto da Rocha",ynovaes@example.com,553312818381
"Nicolas Melo",maite65@example.com,554076695950
"Fernando da Cruz",dcasa-grande@example.com,555894926576
"Dra. Liz Brito",marcela84@example.org,5516917336430
"Sabrina Costela",ana-lizfernandes@example.org,558511273043
"Maria Vitória Moreira",isadoramarques@example.net,5526950037729
"Lavínia da Cunha",ipereira@example.net,554643363958
"Enzo Gabriel Oliveira",nascimentojose-pedro@example.net,5520947587759
"Sophia Fernandes",isis00@example.org,559162971005
"Manuela Cavalcante",luiz-felipeoliveira@example.org,558475528096
"Raquel Martins",rael32@example.com,555881612727
"Evelyn Pastor",ana-carolinada-conceicao@example.org,556042653234
"Luna Vieira",vitorcorreia@example.com,553098957200
"Dra. Ana Beatriz da Conceição",enricoda-paz@example.org,556353791655
"Luigi Casa Grande",vandrade@example.org,557129228302
"Raul Silva",scardoso@example.com,559610344898
"Maria Cecília Nogueira",castroalice@example.net,558963021175
"Henrique Correia",pietrovasconcelos@example.org,553985931706
"Arthur Gabriel Sales",ana-laura74@example.net,554044868114
"Ana Júlia Fernandes",theodoromelo@example.net,558880079724
"Melina Farias",tcastro@example.com,554246585959
"Pietra Cassiano",castrocamila@example.net,558410952062
"Sr. Henrique Pinto",maria-eduardaporto@example.org,559975466471
"Natália Lima",mathiasvargas@example.net,5512944153891
"Apollo Alves",jbarbosa@example.org,555109047913
"Júlia Abreu",mathias80@example.net,5516976406314
"Jade Rios",andradejoao-lucas@example.net,553659737407
"Cauê Duarte",felipe15@example.net,559772771210
"Anna Liz Alves",belladas-neves@example.org,5516900775215
"Beatriz da Cruz",faparecida@example.org,556832182345
"Enzo Souza",gael-henrique57@example.org,559750708541
"Francisco Gomes",evelyn39@example.org,553710632667
"Luiz Miguel Fernandes",rodriguesdante@example.com,5520980445050
"Vitor Gabriel da Rocha",benjamim20@example.net,5522951511328
"Raquel Nascimento",joao-vitor54@example.net,556182167897
"Brayan Moura",fduarte@example.org,556741499880
"Yago Sousa",mdias@example.com,558119108788
"Larissa Costa",da-cruzlarissa@example.org,5521940076595
"Kevin Santos",almeidaana-cecilia@example.net,557750813475
"João Miguel Caldeira",davi-miguel49@example.net,5521997598597
"Luiza da Cruz",ceciliadas-neves@example.net,556726671696
"Daniel Porto",tbarros@example.net,558514774210
"Liam Oliveira",claraalmeida@example.com,553405792246
"Evelyn Farias",diego92@example.org,557322983276
"José Miguel Pastor",marcos-viniciuscardoso@example.org,555896426032
"Kevin Guerra",dmoreira@example.net,553043541698
"João Miguel Alves",xda-conceicao@example.com,559054979984
"Lívia Vasconcelos",levi02@example.org,556117904847
"Dra. Emilly Silva",mariah41@example.net,554278568483
"Maria Sophia Novaes",psilveira@example.org,553301535696
"Murilo Novaes",andradestella@example.org,553825349681
"Antônio Albuquerque",dbarros@example.com,553047605682
"Maria Sophia Gonçalves",theoferreira@example.org,5513996031549
"Maria Laura Sampaio",xnunes@example.org,554203399198
"Sr. Ravi Lucca Pinto",carlos-eduardo74@example.net,5521913988723
"Hadassa Siqueira",maria-clara30@example.com,558744032548
"Lara Marques",ferreiradaniela@example.com,5520944894335
"Srta. Maria Helena Pastor",josuemarques@example.org,5517981196488
"Vinícius Cavalcanti",barbosapedro-lucas@example.net,554948987458
